solver,benchType,nodes,dims,build,max-depth,ave-depth
kdtree,ss_varden,1000M,2,4.44703,29.5,25.5364
orth,ss_varden,1000M,2,4.01447,17.0,13.09645
kdtree,uniform,1000M,2,3.28367,28.0,25.5231
orth,uniform,1000M,2,2.78611,14.0,13.0001
kdtree,ss_varden,1000M,3,6.18313,28.0,25.5256
orth,ss_varden,1000M,3,5.79333,12.0,9.2545
kdtree,uniform,1000M,3,3.87922,28.0,25.5263
orth,uniform,1000M,3,3.64778,9.0,8.99999
