solver,benchType,nodes,dims,build,max-depth,ave-depth
kdtree,uniform,1000M,2,3.28647,28.0,25.5226
orth,uniform,1000M,2,2.65783,14.0,13.0001
kdtree,uniform,1000M,3,3.64745,28.0,25.5263
orth,uniform,1000M,3,3.63074,9.0,8.99999
kdtree,ss_varden,1000M,2,4.45358,29.5,25.5364
orth,ss_varden,1000M,2,3.95141,17.0,13.09645
kdtree,ss_varden,1000M,3,6.20805,28.0,25.52515
orth,ss_varden,1000M,3,6.16563,12.0,9.56788
