solver,benchType,nodes,dims,time,vis,gen,full,skip,time,vis,gen,full,skip,time,vis,gen,full,skip
kdtree,uniform_bigint,1000M,2,0.00051,38.5,34.0,0.0,30.0,0.0045,170.0,122.0,7.0,67.0,0.12249,2023.0,1416.5,350.0,460.0
orth,uniform_bigint,1000M,2,0.0005,40.0,34.5,0.0,30.0,0.00446,218.0,157.0,12.0,85.0,0.11607,2530.5,1790.0,465.5,584.0
kdtree,uniform_bigint,1000M,3,0.00074,42.5,37.0,0.0,32.5,0.02548,583.5,390.0,2.5,194.5,1.4852,11448.0,7081.0,698.5,2016.0
orth,uniform_bigint,1000M,3,0.00077,57.0,48.5,0.0,40.5,0.03017,1270.0,875.0,16.0,466.0,1.62189,25081.5,15791.5,2024.0,4478.5
kdtree,ss_varden_bigint,1000M,2,0.00034,29.0,27.0,0.0,26.0,0.00185,84.0,63.5,8.0,37.0,0.01753,567.0,453.5,169.0,171.0
orth,ss_varden_bigint,1000M,2,0.00133,46.0,44.0,0.0,43.0,0.00226,122.0,95.5,9.5,59.5,0.01175,593.5,428.0,107.5,155.5
kdtree,ss_varden_bigint,1000M,3,0.00067,31.5,28.5,0.0,27.5,0.00538,160.5,111.0,8.0,54.5,0.15823,2195.0,1588.0,548.5,432.5
orth,ss_varden_bigint,1000M,3,0.00078,60.0,56.5,0.0,53.5,0.00581,329.5,231.0,16.0,117.5,0.04879,2357.5,1523.5,278.0,412.5
