solver,benchType,nodes,dims,S_vis,S_gen,S_full,S_skip,M_vis,M_gen,M_full,M_skip,L_vis,L_gen,L_full,L_skip
kdtree,ss_varden,1000M,2,0.0,42.5,0.01343,365.5,254.0,26.5,117.0,0.18172,2612.0,1820.5,436.5,593.0
orth,ss_varden,1000M,2,0.0,40.5,0.0124,488.5,343.0,42.0,156.0,0.16424,3308.5,2345.0,608.0,774.0
kdtree,uniform,1000M,2,0.0,87.5,0.01873,547.0,377.5,25.5,183.5,0.18923,2671.0,1863.0,448.5,606.5
orth,uniform,1000M,2,0.0,78.5,0.01777,632.0,419.5,31.5,174.5,0.16784,3311.0,2324.0,591.5,746.5
kdtree,ss_varden,1000M,3,0.0,71.5,0.06609,1112.0,727.0,17.5,325.0,1.69768,12662.5,7879.5,826.5,2271.0
orth,ss_varden,1000M,3,0.0,109.5,0.07595,1966.5,1284.0,52.5,549.5,1.80428,23288.0,14538.0,1805.5,3982.5
kdtree,uniform,1000M,3,0.0,58.5,0.05788,997.5,642.5,17.5,270.0,1.59946,12020.0,7447.0,813.5,2060.0
orth,uniform,1000M,3,0.0,80.0,0.0706,2130.5,1378.0,67.5,558.0,1.76727,26690.0,17069.5,2465.5,4983.5
