solver,benchType,nodes,dims,0.1M,0.2M,0.5M,1M,2M,5M,10M,20M,50M,100M,200M,500M,1000M
test,ss_varden,1000000000,3,0.00455,0.00559,0.01046,0.01342,0.02587,0.06238,0.11573,0.20887,0.45389,0.80358,1.42337,2.98794,6.21773
zdtree,ss_varden,1000000000,3,0.09914,0.10101,0.10369,0.10794,0.1149,0.131,0.15992,0.21149,0.39395,0.6916,1.31562,3.91249,7.39058
cgal,ss_varden,1000000000,3,750.982,719.319,709.404,719.32,743.269,705.352,716.157,775.242,762.694,740.569,826.954,966.467,1262.68
test,uniform,1000000000,3,0.00394,0.00599,0.01202,0.02085,0.0366,0.06721,0.10735,0.17894,0.3397,0.55613,0.98853,2.32193,4.53681
zdtree,uniform,1000000000,3,0.09967,0.1042,0.11603,0.13465,0.16984,0.26004,0.39122,0.61994,1.13698,1.67488,2.44679,4.55311,8.03439
cgal,uniform,1000000000,3,1777.46,2250.39,1581.5,1488.84,1661.69,1897.5,1772.47,1467.66,1531.66,1476.15,1802.47,2065.91,2794.11
