solver,benchType,nodes,dims,0.01%,0.1%,1%,10%
kdtree,ss_varden,1000M,2,0.00223,0.00717,0.05225,0.48807
orth,ss_varden,1000M,2,0.00178,0.00598,0.05241,0.41161
kdtree,uniform,1000M,2,0.00296,0.01603,0.08783,0.43089
orth,uniform,1000M,2,0.00224,0.01465,0.082,0.3355
kdtree,ss_varden,1000M,3,0.00463,0.01588,0.12212,0.84234
orth,ss_varden,1000M,3,0.00231,0.01034,0.07551,0.61519
kdtree,uniform,1000M,3,0.00325,0.01721,0.0935,0.50076
orth,uniform,1000M,3,0.00253,0.01778,0.09824,0.42045
