solver,benchType,nodes,dims,k=1_vis,k=1_gen,k=1_check,k=1_skip,k=10_vis,k=10_gen,k=10_check,k=10_skip,k=100_vis,k=100_gen,k=100_check,k=100_skip
kdtree,ss_varden,1000M,2,0.18833,0.18666,0.17185,0.15223,0.14868,32.0,29.0,29.0,27.0,0.0012,72.5,57.0
orth,ss_varden,1000M,2,0.18265,0.18086,0.1827,0.19482,0.14308,34.5,0.0,31.0,28.5,0.0015,78.0,58.5
kdtree,uniform,1000M,2,0.20918,0.22078,0.22972,0.2353,0.34375,32.0,29.0,29.0,27.0,0.00518,178.5,132.5
orth,uniform,1000M,2,0.22733,0.24441,0.25166,0.26401,0.27984,34.0,0.0,31.0,28.0,0.00308,191.5,134.5
kdtree,ss_varden,1000M,3,0.21997,0.21077,0.18486,0.14743,0.15994,43.0,37.0,37.0,32.0,0.00319,134.0,102.5
orth,ss_varden,1000M,3,0.30467,0.28652,0.27748,0.27086,0.18414,59.5,0.0,50.5,41.5,0.00376,207.0,157.5
kdtree,uniform,1000M,3,0.24618,0.26047,0.25373,0.25373,0.72174,46.0,40.0,40.0,34.0,0.00294,109.0,83.5
orth,uniform,1000M,3,0.31398,0.30932,0.31546,0.32796,0.63458,64.0,0.0,52.0,41.0,0.00423,174.5,126.5
