solver,benchType,nodes,dims,time,vis,gen,check,skip,time,vis,gen,check,skip,time,vis,gen,check,skip
kdtree,uniform_bigint,1000M,2,0.16464,26.0,25.0,25.0,25.0,0.31863,32.0,29.0,29.0,27.0,1.14476,56.0,43.0,43.0,32.0
orth,uniform_bigint,1000M,2,0.12642,27.0,26.0,26.0,26.0,0.27963,34.0,31.0,31.0,28.0,1.19021,68.0,51.0,51.0,34.0
kdtree,uniform_bigint,1000M,3,0.17752,26.0,25.0,25.0,25.0,0.69747,46.0,40.0,40.0,34.0,2.51411,103.0,76.0,76.0,50.0
orth,uniform_bigint,1000M,3,0.12233,27.0,26.0,26.0,26.0,0.63308,64.0,52.0,52.0,41.0,2.83613,189.5,129.0,129.0,70.0
kdtree,ss_varden_bigint,1000M,2,0.05024,26.0,25.0,25.0,25.0,0.10592,31.0,28.0,28.0,26.0,0.52697,50.5,39.0,39.0,28.0
orth,ss_varden_bigint,1000M,2,0.08332,47.5,46.5,46.5,46.5,0.13974,54.0,50.5,50.5,48.5,0.53043,81.0,65.5,65.5,52.0
kdtree,ss_varden_bigint,1000M,3,0.0531,26.0,25.0,25.0,25.0,0.15282,39.0,33.0,33.0,28.0,0.75834,68.0,48.5,48.5,30.0
orth,ss_varden_bigint,1000M,3,1.16626,70.0,69.0,69.0,69.0,1.18221,93.0,85.0,85.0,77.0,1.14899,159.5,121.0,121.0,84.0
