solver,benchType,nodes,dims,time,vis,gen,check,skip,time,vis,gen,check,skip,time,vis,gen,check,skip
kdtree,uniform,1000M,2,0.16636,26.0,25.0,25.0,25.0,0.31312,32.0,29.0,29.0,27.0,1.09445,56.0,43.0,43.0,32.0
orth,uniform,1000M,2,0.11581,27.0,26.0,26.0,26.0,0.25753,34.0,31.0,31.0,28.0,1.11075,68.0,51.0,51.0,34.0
kdtree,uniform,1000M,3,0.17824,26.0,25.0,25.0,25.0,0.66838,46.0,40.0,40.0,34.0,2.41655,103.0,76.0,76.0,50.0
orth,uniform,1000M,3,0.10891,28.0,27.0,27.0,27.0,0.59201,64.0,52.0,52.0,41.0,2.64254,189.0,129.0,129.0,70.0
kdtree,ss_varden,1000M,2,0.06456,26.5,25.0,25.0,25.0,0.13313,32.0,29.0,29.0,27.0,0.53544,56.0,43.0,43.0,31.5
orth,ss_varden,1000M,2,0.06034,27.5,26.5,26.5,26.0,0.1297,34.5,31.0,31.0,28.5,0.55806,65.0,49.0,49.0,34.0
kdtree,ss_varden,1000M,3,0.04726,26.0,25.0,25.0,25.0,0.15127,43.0,36.5,36.5,31.5,0.74164,88.0,64.5,64.5,42.0
orth,ss_varden,1000M,3,0.05488,32.0,31.0,31.0,31.0,0.1798,60.0,50.0,50.0,42.0,0.80591,150.0,104.5,104.5,60.0
