solver,benchType,nodes,dims,time,vis,gen,check,skip,time,vis,gen,check,skip,time,vis,gen,check,skip
kdtree,uniform_bigint,1000M,2,0.16964,26.0,25.0,25.0,25.0,0.32745,32.0,29.0,29.0,27.0,1.17031,56.0,43.0,43.0,32.0
orth,uniform_bigint,1000M,2,0.12523,27.0,26.0,26.0,26.0,0.28023,34.0,31.0,31.0,28.0,1.22844,68.0,51.0,51.0,34.0
kdtree,uniform_bigint,1000M,3,0.18169,26.0,25.0,25.0,25.0,0.69058,46.0,40.0,40.0,34.0,2.53974,103.0,76.0,76.0,50.0
orth,uniform_bigint,1000M,3,0.11812,27.0,26.0,26.0,26.0,0.62174,64.0,52.0,52.0,41.0,2.83587,189.5,129.0,129.0,70.0
kdtree,ss_varden_bigint,1000M,2,0.05064,26.0,25.0,25.0,25.0,0.10743,31.0,28.0,28.0,26.0,0.53544,50.5,39.0,39.0,28.0
orth,ss_varden_bigint,1000M,2,0.08492,47.5,46.5,46.5,46.5,0.14261,54.0,50.5,50.5,48.5,0.55907,81.0,65.5,65.5,52.0
kdtree,ss_varden_bigint,1000M,3,0.05261,26.0,25.0,25.0,25.0,0.16109,39.0,33.0,33.0,28.0,0.8317,68.0,48.5,48.5,30.0
orth,ss_varden_bigint,1000M,3,0.1318,70.0,69.0,69.0,69.0,0.24794,93.0,85.0,85.0,77.0,0.8211,159.5,121.0,121.0,84.0
