solver,benchType,nodes,dims,time,vis,gen,full,skip,time,vis,gen,full,skip,time,vis,gen,full,skip
kdtree,uniform_bigint,1000M,2,0.00202,62.5,50.5,0.0,39.0,0.03658,421.0,290.5,26.0,135.0,2.12475,2322.5,1626.5,406.5,524.0
orth,uniform_bigint,1000M,2,0.00205,72.0,56.5,0.0,42.0,0.03686,536.0,373.5,40.0,171.5,2.10343,2742.0,1892.5,468.0,576.0
kdtree,uniform_bigint,1000M,3,0.00773,180.5,136.0,0.0,91.5,0.19723,1829.0,1176.0,12.0,511.5,3.78312,12423.5,7686.0,834.5,2114.5
orth,uniform_bigint,1000M,3,0.01108,328.5,246.5,0.0,165.0,0.24364,4212.5,2827.5,61.5,1383.0,4.32745,26670.5,16668.5,2160.5,4506.5
kdtree,ss_varden_bigint,1000M,2,0.00159,40.5,34.0,0.0,28.5,0.03216,142.5,109.0,25.0,51.0,2.07102,622.0,499.0,185.5,191.0
orth,ss_varden_bigint,1000M,2,0.00171,63.5,55.5,0.0,48.5,0.03349,192.0,144.5,23.0,75.0,2.2127,645.0,465.5,119.0,167.5
kdtree,ss_varden_bigint,1000M,3,0.00286,54.0,43.0,0.0,33.0,0.052,297.5,201.0,34.5,71.5,3.09732,2481.0,1804.5,626.0,503.0
orth,ss_varden_bigint,1000M,3,0.00382,125.0,104.0,0.0,83.5,0.05888,561.0,379.5,45.0,153.0,3.69978,2784.0,1793.5,330.5,473.5
