solver,benchType,nodes,dims,time,vis,gen,full,skip,time,vis,gen,full,skip,time,vis,gen,full,skip
kdtree,uniform,1000M,2,0.00378,166.0,122.5,0.0,81.0,0.04632,644.0,443.5,24.5,220.0,2.35859,2345.5,1640.5,406.5,530.0
orth,uniform,1000M,2,0.00328,178.0,126.0,0.0,75.0,0.04679,839.0,588.5,36.5,302.5,2.64612,2916.5,2058.5,535.0,665.5
kdtree,uniform,1000M,3,0.00324,109.0,83.5,0.0,58.5,0.08995,997.5,642.5,17.5,270.0,3.99167,12020.0,7447.0,813.5,2060.0
orth,uniform,1000M,3,0.00336,174.5,126.5,0.0,80.0,0.10256,2130.5,1378.0,67.5,558.0,4.95176,26689.5,17069.5,2466.0,4983.5
kdtree,ss_varden,1000M,2,0.00148,72.5,57.0,0.0,42.5,0.03675,365.5,254.0,26.5,117.0,2.33491,2612.0,1820.5,436.5,593.0
orth,ss_varden,1000M,2,0.00147,77.5,58.5,0.0,40.0,0.03892,487.5,342.5,42.0,156.0,2.53341,3309.0,2345.5,608.5,774.0
kdtree,ss_varden,1000M,3,0.00507,188.0,141.0,0.0,95.0,0.11202,1278.5,843.0,17.5,390.5,3.99754,12132.5,7613.5,819.5,2276.0
orth,ss_varden,1000M,3,0.00504,275.0,200.0,0.0,125.5,0.11827,2416.5,1608.5,61.5,739.0,4.53534,22151.0,13728.0,1686.5,3619.5
