solver,split,benchType,nodes,dims,time,vis,gen,full,skip,time,vis,gen,full,skip,time,vis,gen,full,skip
kdtree,MaxStr/Obj,uniform_bigint,1000M,2,0.00058,39.39535,34.51855,0.00201,30.63975,0.01484,170.663,122.311,7.66508,67.2941,2.72836,2023.31,1416.615,350.648,460.27
kdtree,Rot/SpaMid,uniform_bigint,1000M,2,0.0006,36.99315,32.87735,0.00178,29.75985,0.01496,176.29,125.3455,7.30361,68.09725,2.73525,2014.43,1403.005,340.056,452.5295
orth,Rot/SpaMid,uniform_bigint,1000M,2,0.00059,40.94805,35.27085,0.0043,30.5893,0.01515,218.6035,157.8475,12.5114,85.58025,3.01324,2530.64,1790.165,466.1985,584.4965
cpam,Hilbert,uniform_bigint,1000M,2,0.05209,66.66025,0.0,0.0,27.37145,0.04361,190.0495,0.0,1.15906,50.93135,2.73635,1995.61,0.0,136.1615,263.2385
kdtree,MaxStr/Obj,ss_varden_bigint,1000M,2,0.00042,30.41805,28.2328,0.00363,27.0439,0.01478,167.5545,120.4755,7.4475,66.9487,2.71897,1572.915,1113.32,284.456,370.2625
kdtree,Rot/SpaMid,ss_varden_bigint,1000M,2,0.00063,48.91835,46.81705,0.00678,45.709,0.01463,194.5785,145.1895,7.99248,88.80735,2.69794,1647.5,1162.195,287.8555,390.033
orth,Rot/SpaMid,ss_varden_bigint,1000M,2,0.00065,50.0829,47.73345,0.01278,46.3713,0.01497,226.835,167.765,11.3893,98.30585,2.89285,1945.805,1383.385,358.818,463.15
cpam,Hilbert,ss_varden_bigint,1000M,2,0.04089,195.4045,0.0,0.0,87.71515,0.04478,314.74,0.0,1.14029,108.333,2.70112,1697.1,0.0,117.0645,266.636
