solver,benchType,nodes,dims,build,maxDepth,aveDepth,0.01%,0.1%,1%,10%,0.01%,0.1%,1%,10%,10%/1%,20%/1%,50%/1%,100%/1%,k=10,vis,gen,check,skip,L,vis,gen,full,skip
kd,uniform,1000M,2,3.31829,28.0,25.5231,0.0031,0.01576,0.09216,0.43847,0.0037,0.02112,0.11658,0.49119,0.2134,0.22575,0.23202,0.2377,0.34526,32.0,29.0,29.0,27.0,0.00327,178.5,132.5,0.0,87.5
orth,uniform,1000M,2,2.70342,14.0,13.0001,0.00233,0.01613,0.08654,0.33395,0.00261,0.01755,0.10173,0.41949,0.23047,0.23537,0.23565,0.2407,0.28248,34.0,31.0,31.0,28.0,0.00339,191.5,134.5,0.0,78.5
kd,uniform,1000M,3,3.99657,28.0,25.5263,0.00326,0.01681,0.0958,0.48454,0.00516,0.0224,0.13349,0.58708,0.25278,0.25559,0.25893,0.25171,0.72486,46.0,40.0,40.0,34.0,0.00232,109.0,83.5,0.0,58.5
orth,uniform,1000M,3,3.59577,9.0,8.99999,0.00298,0.01863,0.09568,0.42981,0.00266,0.01948,0.10972,0.52505,0.30957,0.30903,0.29528,0.28382,0.63823,64.0,52.0,52.0,41.0,0.00394,174.5,126.5,0.0,80.0
kd,ss_varden,1000M,2,4.46626,29.5,25.5364,0.00226,0.00677,0.05351,0.49657,0.00158,0.0063,0.05821,0.4788,0.2118,0.20021,0.18588,0.1629,0.14851,32.0,29.0,29.0,27.0,0.00116,72.5,57.0,0.0,42.5
orth,ss_varden,1000M,2,3.92928,17.0,13.09645,0.00236,0.00596,0.05391,0.41494,0.00159,0.00634,0.0562,0.43426,0.18134,0.17966,0.18255,0.19894,0.14621,34.5,31.0,31.0,28.5,0.00205,78.0,58.5,0.0,40.5
kd,ss_varden,1000M,3,5.87954,28.0,25.5256,0.00481,0.01747,0.13817,0.85134,0.00348,0.01198,0.08117,0.67768,0.22521,0.22142,0.19221,0.15021,0.1631,43.0,37.0,37.0,32.0,0.003,134.0,102.5,0.0,71.5
orth,ss_varden,1000M,3,5.83473,12.0,9.2545,0.00201,0.01072,0.08387,0.63963,0.00325,0.00863,0.06654,0.63648,0.29399,0.28453,0.27361,0.27163,0.1838,59.5,50.5,50.5,41.5,0.00352,207.0,157.5,0.0,109.5
