solver,benchType,nodes,dims,build,maxDepth,aveDepth,0.01%,0.1%,1%,10%,0.01%,0.1%,1%,10%,10%/1%,20%/1%,50%/1%,100%/1%,k=10,vis,gen,check,skip,L,vis,gen,full,skip
kd,uniform,1000M,2,3.28367,28.0,25.5231,0.00296,0.01603,0.08783,0.43089,0.00367,0.02246,0.11352,0.48814,0.20918,0.22078,0.22972,0.2353,0.34375,32.0,29.0,29.0,27.0,0.00518,178.5,132.5,0.0,87.5
orth,uniform,1000M,2,2.70185,14.0,13.0001,0.00311,0.01476,0.08079,0.33219,0.00249,0.01638,0.09947,0.41108,0.23734,0.24566,0.23945,0.24422,0.28454,34.0,31.0,31.0,28.0,0.00305,191.5,134.5,0.0,78.5
kd,uniform,1000M,3,3.87922,28.0,25.5263,0.00325,0.01721,0.0935,0.50076,0.00498,0.02173,0.12596,0.5848,0.24618,0.26047,0.25373,0.25373,0.72174,46.0,40.0,40.0,34.0,0.00294,109.0,83.5,0.0,58.5
orth,uniform,1000M,3,3.6043,9.0,8.99999,0.00245,0.01689,0.09391,0.42175,0.00266,0.01843,0.10869,0.52807,0.30433,0.30571,0.30364,0.28205,0.63563,64.0,52.0,52.0,41.0,0.00323,174.5,126.5,0.0,80.0
kd,ss_varden,1000M,2,4.44703,29.5,25.5364,0.00223,0.00717,0.05225,0.48807,0.00154,0.00675,0.04715,0.47337,0.18833,0.18666,0.17185,0.15223,0.14868,32.0,29.0,29.0,27.0,0.0012,72.5,57.0,0.0,42.5
orth,ss_varden,1000M,2,3.82066,17.0,13.09645,0.00165,0.00622,0.05192,0.39346,0.00161,0.00613,0.05431,0.41983,0.18085,0.17933,0.18799,0.1866,0.14736,34.5,31.0,31.0,28.5,0.00116,78.0,58.5,0.0,40.5
kd,ss_varden,1000M,3,6.18313,28.0,25.5256,0.00463,0.01588,0.12212,0.84234,0.00361,0.01201,0.08233,0.692,0.21997,0.21077,0.18486,0.14743,0.15994,43.0,37.0,37.0,32.0,0.00319,134.0,102.5,0.0,71.5
orth,ss_varden,1000M,3,5.89805,12.0,9.2545,0.00224,0.01002,0.07658,0.63801,0.00262,0.00885,0.06646,0.61613,0.28541,0.29295,0.27198,0.26739,0.18595,59.5,50.5,50.5,41.5,0.00345,207.0,157.5,0.0,109.5
