solver,benchType,nodes,dims,build,maxDepth,aveDepth,0.01%,0.1%,1%,10%,0.01%,0.1%,1%,10%,10%/1%,20%/1%,50%/1%,100%/1%,k=10,vis,gen,check,skip,L,vis,gen,full,skip
kd,uniform,1000M,2,3.25898,28.0,25.5231,0.00291,0.01589,0.09413,0.4326,0.00371,0.01985,0.11676,0.48383,0.21322,0.22522,0.23459,0.2392,0.34427,32.0,29.0,29.0,27.0,0.00354,178.5,132.5,0.0,87.5
orth,uniform,1000M,2,2.73026,14.0,13.0001,0.00227,0.01511,0.08711,0.33617,0.00289,0.01748,0.09753,0.40975,0.23123,0.23345,0.23912,0.23455,0.28214,34.0,31.0,31.0,28.0,0.00413,191.5,134.5,0.0,78.5
kd,uniform,1000M,3,3.81337,28.0,25.5263,0.00326,0.01709,0.09426,0.50271,0.00496,0.02226,0.13764,0.58104,0.25618,0.25841,0.25335,0.25257,0.72378,46.0,40.0,40.0,34.0,0.00316,109.0,83.5,0.0,58.5
orth,uniform,1000M,3,3.64597,9.0,8.99999,0.00252,0.01613,0.09121,0.4204,0.00267,0.01802,0.10827,0.52066,0.30053,0.30986,0.29391,0.28099,0.63511,64.0,52.0,52.0,41.0,0.0031,174.5,126.5,0.0,80.0
kd,ss_varden,1000M,2,4.40222,29.5,25.5364,0.00224,0.00686,0.0519,0.51169,0.00155,0.00617,0.06239,0.4696,0.19423,0.18902,0.17415,0.158,0.1477,32.0,29.0,29.0,27.0,0.00113,72.5,57.0,0.0,42.5
