solver,benchType,nodes,dims,build,maxDepth,aveDepth,0.01%,0.1%,1%,10%,0.01%,0.1%,1%,10%,10%/1%,20%/1%,50%/1%,100%/1%,k=10,vis,gen,check,skip,L,vis,gen,full,skip
kd,uniform,1000M,2,3.28367,28.0,25.5231,0.00296,0.01603,0.08783,0.43089,0.00367,0.02246,0.11352,0.48814,0.20918,0.22078,0.22972,0.2353,0.34375,32.0,29.0,29.0,27.0,0.00518,178.5,132.5,0.0,87.5
orth,uniform,1000M,2,2.78611,14.0,13.0001,0.00224,0.01465,0.082,0.3355,0.00361,0.02248,0.12204,0.45085,0.22733,0.24441,0.25166,0.26401,0.27984,34.0,0.0,31.0,28.0,0.00308,191.5,134.5,0.0,78.5
kd,uniform,1000M,3,3.87922,28.0,25.5263,0.00325,0.01721,0.0935,0.50076,0.00498,0.02173,0.12596,0.5848,0.24618,0.26047,0.25373,0.25373,0.72174,46.0,40.0,40.0,34.0,0.00294,109.0,83.5,0.0,58.5
orth,uniform,1000M,3,3.64778,9.0,8.99999,0.00253,0.01778,0.09824,0.42045,0.0032,0.02287,0.12265,0.55101,0.31398,0.30932,0.31546,0.32796,0.63458,64.0,0.0,52.0,41.0,0.00423,174.5,126.5,0.0,80.0
kd,ss_varden,1000M,2,4.44703,29.5,25.5364,0.00223,0.00717,0.05225,0.48807,0.00154,0.00675,0.04715,0.47337,0.18833,0.18666,0.17185,0.15223,0.14868,32.0,29.0,29.0,27.0,0.0012,72.5,57.0,0.0,42.5
orth,ss_varden,1000M,2,4.01447,17.0,13.09645,0.00178,0.00598,0.05241,0.41161,0.00168,0.00661,0.05494,0.45232,0.18265,0.18086,0.1827,0.19482,0.14308,34.5,0.0,31.0,28.5,0.0015,78.0,58.5,0.0,40.5
kd,ss_varden,1000M,3,6.18313,28.0,25.5256,0.00463,0.01588,0.12212,0.84234,0.00361,0.01201,0.08233,0.692,0.21997,0.21077,0.18486,0.14743,0.15994,43.0,37.0,37.0,32.0,0.00319,134.0,102.5,0.0,71.5
orth,ss_varden,1000M,3,5.79333,12.0,9.2545,0.00231,0.01034,0.07551,0.61519,0.00267,0.00896,0.0816,0.60018,0.30467,0.28652,0.27748,0.27086,0.18414,59.5,0.0,50.5,41.5,0.00376,207.0,157.5,0.0,109.5
