solver,split,benchType,nodes,dims,build,maxDepth,aveDepth,0.01%,0.1%,1%,10%,0.01%,0.1%,1%,10%,10%/1%,20%/1%,50%/1%,100%/1%,k=10,vis,gen,check,skip,L,vis,gen,full,skip
kd,MaxStr/Obj,uniform_bigint,1000M,2,3.28167,28.0,25.52565,0.00301,0.01721,0.08372,0.43807,0.00368,0.02796,0.1047,0.47361,0.19992,0.20769,0.21117,0.21876,0.32685,32.0,29.0,29.0,27.0,1.66017,2023.0,1416.5,350.0,460.0
kd,Rot/SpaMid,uniform_bigint,1000M,2,2.67688,27.0,25.4646,0.00234,0.01391,0.08201,0.43238,0.00267,0.01667,0.10162,0.46212,0.18899,0.19629,0.20087,0.20923,0.32931,32.0,29.0,29.0,27.0,1.66155,2014.0,1402.5,339.5,452.0
orth,Rot/SpaMid,uniform_bigint,1000M,2,2.57625,14.0,13.0001,0.00229,0.01468,0.07905,0.34241,0.00253,0.01634,0.09202,0.41186,0.19663,0.20416,0.20347,0.20462,0.27879,34.0,31.0,31.0,28.0,1.67764,2530.5,1790.0,465.5,584.0
p,MaxStr/Obj,uniform_bigint,1000M,2,13.40176,-1.0,-1.0,0.03904,0.33274,1.4586,2.94802,0.04046,0.33474,1.45078,2.98997,-1.0,-1.0,-1.0,-1.0,-1.0,-1.0,-1.0,-1.0,-1.0,17.4991,-1.0,-1.0,-1.0,-1.0
kd,MaxStr/Obj,ss_varden_bigint,1000M,2,4.66612,28.0,25.52375,0.00298,0.01422,0.08406,0.73525,0.00342,0.01185,0.09282,0.57913,0.18533,0.18628,0.21487,0.253,0.0945,31.0,28.0,28.0,26.0,1.58023,567.0,453.5,169.0,171.0
kd,Rot/SpaMid,ss_varden_bigint,1000M,2,7.15785,50.5,41.9807,0.00332,0.01126,0.0879,0.86973,0.0034,0.0073,0.04983,0.39447,0.21098,0.2144,0.25036,0.34836,0.12588,52.5,50.0,50.0,48.0,1.86556,579.0,416.0,102.5,151.0
orth,Rot/SpaMid,ss_varden_bigint,1000M,2,6.80787,25.5,21.41705,0.00252,0.00949,0.07464,0.77452,0.00276,0.00685,0.04568,0.35405,0.20878,0.21083,0.23265,0.31644,0.13223,54.0,50.5,50.5,48.5,1.74893,594.5,429.0,108.0,156.5
p,MaxStr/Obj,ss_varden_bigint,1000M,2,11.6962,-1.0,-1.0,0.00164,0.009,0.10519,1.45661,0.00187,0.00894,0.12085,1.58106,-1.0,-1.0,-1.0,-1.0,-1.0,-1.0,-1.0,-1.0,-1.0,15.61965,-1.0,-1.0,-1.0,-1.0
