solver,benchType,nodes,dims,build,maxDepth,aveDepth,0.01%,0.1%,1%,10%,0.01%,0.1%,1%,10%,10%/1%,20%/1%,50%/1%,100%/1%,k=10,vis,gen,check,skip,L,vis,gen,full,skip
kd,uniform_bigint,1000M,2,4.67773,28.0,25.52565,0.00346,0.01911,0.0931,0.49426,0.98216,1.34924,1.70955,1.97154,0.21391,0.22094,0.23386,0.24022,0.34142,32.0,29.0,29.0,27.0,0.00144,62.5,50.5,0.0,39.0
orth,uniform_bigint,1000M,2,3.74513,14.0,13.0001,0.00247,0.01498,0.08315,0.38219,1.1926,1.45117,2.02092,2.17623,0.24835,0.25948,0.25569,0.26015,0.29155,34.0,31.0,31.0,28.0,0.00152,72.0,56.5,0.0,42.0
kd,uniform_bigint,1000M,3,5.39388,28.0,25.5267,0.00325,0.0174,0.09753,0.54183,1.23528,1.74975,2.03968,2.168,0.24932,0.25278,0.25274,0.25735,0.72167,46.0,40.0,40.0,34.0,0.00742,180.5,136.0,0.0,91.5
orth,uniform_bigint,1000M,3,4.73997,9.0,8.99999,0.00253,0.01649,0.09668,0.4557,1.66172,2.7784,3.15015,3.34971,0.36042,0.36562,0.35805,0.37127,0.66278,64.0,52.0,52.0,41.0,0.00975,328.5,246.5,0.0,165.0
kd,ss_varden_bigint,1000M,2,6.05151,28.0,25.52375,0.00346,0.01515,0.09154,0.84267,1.66353,1.62035,2.32653,8.13517,0.18894,0.19685,0.22669,0.27084,0.11008,31.0,28.0,28.0,26.0,0.00147,40.5,34.0,0.0,28.5
orth,ss_varden_bigint,1000M,2,8.0568,25.5,21.40955,0.00294,0.0125,0.09623,0.89188,5.92193,5.98621,6.07559,8.00784,1.33213,1.34339,1.38313,1.42768,0.14357,54.0,50.5,50.5,48.5,0.00119,63.5,55.5,0.0,48.5
kd,ss_varden_bigint,1000M,3,7.56263,28.0,25.5253,0.00362,0.01229,0.13238,1.17833,1.92138,1.9348,3.54183,10.22781,0.23369,0.23113,0.27223,0.39481,0.16693,39.0,33.0,33.0,28.0,0.0022,54.0,43.0,0.0,33.0
orth,ss_varden_bigint,1000M,3,13.8446,25.0,20.3664,0.00443,0.01911,0.15555,1.55877,11.7498,11.9364,12.1142,22.1011,2.28676,2.30184,2.36439,2.48262,0.25588,93.0,85.0,85.0,77.0,0.00333,126.0,105.0,0.0,84.0
