solver,benchType,nodes,dims,build,maxDepth,aveDepth,0.01%,0.1%,1%,10%,0.01%,0.1%,1%,10%,10%/1%,20%/1%,50%/1%,100%/1%,k=10,vis,gen,check,skip,L,vis,gen,full,skip
kd,uniform_bigint,1000M,2,3.46356,28.0,25.52565,0.00364,0.01707,0.093,0.45891,0.00399,0.02152,0.11648,0.50847,0.20881,0.22045,0.22242,0.23383,0.33418,32.0,29.0,29.0,27.0,1.65112,2023.0,1416.5,350.0,460.0
orth,uniform_bigint,1000M,2,2.89337,14.0,13.0001,0.00249,0.01556,0.08925,0.34361,0.00255,0.01654,0.09444,0.44288,0.22841,0.2302,0.22891,0.22875,0.28802,34.0,31.0,31.0,28.0,1.68361,2530.5,1790.0,465.5,584.0
kd,uniform_bigint,1000M,3,3.87003,28.0,25.5267,0.00351,0.01748,0.09485,0.50505,0.00488,0.02255,0.13397,0.59124,0.24473,0.24704,0.24927,0.24454,0.71829,46.0,40.0,40.0,34.0,3.26242,11448.0,7081.0,698.5,2016.0
orth,uniform_bigint,1000M,3,3.57024,9.0,8.99999,0.00286,0.01696,0.09676,0.44427,0.0026,0.01826,0.11014,0.53818,0.298,0.29703,0.28037,0.27425,0.66276,64.0,52.0,52.0,41.0,3.66652,25081.5,15791.5,2024.0,4478.5
kd,ss_varden_bigint,1000M,2,4.97428,28.0,25.52375,0.00301,0.0138,0.09191,0.74393,0.00341,0.01199,0.09322,0.60176,0.19711,0.19901,0.22824,0.29133,0.1033,31.0,28.0,28.0,26.0,1.58383,567.0,453.5,169.0,171.0
orth,ss_varden_bigint,1000M,2,7.0538,25.5,21.41915,0.00347,0.01052,0.08655,0.81413,0.00323,0.00923,0.05206,0.35658,1.03646,1.04997,1.12769,1.15402,0.14053,54.0,50.5,50.5,48.5,1.7729,593.5,428.0,107.5,155.5
kd,ss_varden_bigint,1000M,3,6.25888,28.0,25.5253,0.00342,0.01126,0.11232,1.06362,0.00384,0.01133,0.14971,0.77182,0.21968,0.23195,0.27231,0.38548,0.15091,39.0,33.0,33.0,28.0,2.47729,2195.0,1588.0,548.5,432.5
orth,ss_varden_bigint,1000M,3,14.69915,25.0,20.825,0.01911,0.1381,0.65772,2.03409,0.00355,0.01267,0.08925,0.60164,1.48934,1.51179,1.51598,1.6295,0.65119,93.0,85.0,85.0,77.0,2.9771,2357.5,1523.5,278.0,412.5
