solver,file,nodes,dims,build,maxDepth,aveDepth
Cosmo50,321M,3,kd,1.91877,27,23.9338
Cosmo50,321M,3,orth,2.04832,35,9.61651
Cosmo50,321M,3,r,1.928,27,23.9338
GeoLifeNoScale,24M,3,kd,0.342042,47,24.3082
GeoLifeNoScale,24M,3,orth,0.306038,29,18.0947
GeoLifeNoScale,24M,3,r,0.303923,47,24.3082
osm,1298M,2,kd,6.54263,40,26.0096
osm,1298M,2,orth,7.65273,21,17.3257
osm,1298M,2,r,6.47313,40,26.0096
