solver,file,nodes,dims,time,vis,gen,full,skip,time,vis,gen,full,skip,time,vis,gen,full,skip
Cosmo50,321M,3,kd,0.00496967,96,77,0,58,0.059086,837,560,1,283,1.10621,7635,4721,447,1361
Cosmo50,321M,3,orth,0.00496767,128,100,0,74,0.0620137,1290,843,4,392,1.3405,14191,8868,975,2571
Cosmo50,321M,3,r,0.00397567,86,0,0,57,0.0626593,794,0,1,293,1.37228,7173,0,493,1438
GeoLifeNoScale,24M,3,kd,0.00108367,49,41,0,34,0.00804867,189,131,0,74,0.519666,5930,3669,185,1224
GeoLifeNoScale,24M,3,orth,0.00129767,49,45,0,43,0.00793,285,217,4,146,0.444559,7839,5097,714,1640
GeoLifeNoScale,24M,3,r,0.000762,29,0,0,26,0.00530967,114,0,3,58,0.35061,3158,0,197,1228
osm,1298M,2,kd,0.001811,36,32,0,29,0.00345633,129,91,5,48,0.113038,1694,1205,303,413
osm,1298M,2,orth,0.000821333,41,39,0,37,0.00409967,148,111,8,66,0.11709,2205,1570,412,523
osm,1298M,2,r,0.001093,31,0,0,28,0.00198567,69,0,8,45,0.112659,1324,0,307,415
