solver,file,nodes,dims,time,vis,gen,check,skip,time,vis,gen,check,skip,time,vis,gen,check,skip
Cosmo50,321M,3,kd,0.0327413,24,23,23,23,0.120857,46,39,39,33,0.493318,102,75,75,48
Cosmo50,321M,3,orth,0.0304033,25,24,24,24,0.124584,56,46,46,37,0.526344,150,104,104,59
Cosmo50,321M,3,r,0.0415603,24,0,23,23,0.140468,45,0,39,33,0.530421,100,0,74,49
GeoLifeNoScale,24M,3,kd,0.00269467,44,38,38,34,0.00556633,56,46,46,38,0.0293937,97,72,72,48
GeoLifeNoScale,24M,3,orth,0.00400067,61,60,60,60,0.00873167,93,82,82,73,0.073266,240,171,171,102
GeoLifeNoScale,24M,3,r,0.00218967,26,0,25,25,0.00446467,35,0,31,28,0.020203,64,0,50,38
osm,1298M,2,kd,0.087782,27,26,26,26,0.160002,32,29,29,27,0.798224,56,43,43,31
osm,1298M,2,orth,0.0977593,32,31,31,31,0.172723,38,35,35,33,0.795964,74,55,55,38
osm,1298M,2,r,0.082222,26,0,25,25,0.151001,30,0,28,27,0.78364,53,0,41,31
