solver,file,nodes,dims,time,vis,gen,full,skip,time,vis,gen,full,skip,time,vis,gen,full,skip
Cosmo50,321M,3,kd,0.00533767,96,77,0,58,0.0620607,837,560,1,283,2.04184,7635,4721,447,1361
Cosmo50,321M,3,orth,0.005138,128,100,0,74,0.0678507,1290,843,4,392,2.37968,14191,8868,975,2571
Cosmo50,321M,3,r,0.00416933,86,0,0,57,0.0656913,794,0,1,293,2.26019,7173,0,493,1438
GeoLifeNoScale,24M,3,kd,0.00109233,49,41,0,34,0.009004,189,131,0,74,0.88141,5930,3669,185,1224
GeoLifeNoScale,24M,3,orth,0.00166433,49,45,0,43,0.00936667,285,217,4,146,0.807922,7839,5097,714,1640
GeoLifeNoScale,24M,3,r,0.000761667,29,0,0,26,0.006517,114,0,3,58,0.78166,3158,0,197,1228
osm,1298M,2,kd,0.00076,36,32,0,29,0.00841433,129,91,5,48,2.0469,1694,1205,303,413
osm,1298M,2,orth,0.000882667,41,39,0,37,0.008966,148,111,8,66,2.10757,2205,1570,412,523
osm,1298M,2,r,0.000617333,31,0,0,28,0.00870767,69,0,8,45,2.08667,1324,0,307,415
